<?xml version='1.0' encoding='UTF-8'?>
<addon id="visualization.goom-pp" version="20.1.1" name="Goom++" provider-name="Team Kodi">
    <requires>
<import addon="kodi.binary.global.main" minversion="2.0.0" version="2.0.2"/>
<import addon="kodi.binary.global.gui" minversion="5.15.0" version="5.15.0"/>
<import addon="kodi.binary.global.filesystem" minversion="1.1.7" version="1.1.8"/>
<import addon="kodi.binary.instance.visualization" minversion="4.0.0" version="4.0.0"/></requires>
    <extension point="xbmc.player.musicviz" library_linux="visualization.goom-pp.so.20.1.1"/>
    <extension point="xbmc.addon.metadata">
        <platform>linux</platform>
        <license>GPL-2.0-or-later</license>
        <source>https://github.com/xbmc/visualization.goom-pp</source>
        <website>https://github.com/glk1001/glk1001.github.io</website>
        <news>v20.1.1 (2022-09-25)
            - [new] Goom re-written in C++17 with new effects and much different color handling (richer and more vivid). See 'Preview' for some example images.
        </news>
        <assets>
            <icon>resources/icon.png</icon>
            <fanart>resources/fanart.jpg</fanart>
            <screenshot>resources/screenshot-01.jpg</screenshot>
            <screenshot>resources/screenshot-02.jpg</screenshot>
            <screenshot>resources/screenshot-03.jpg</screenshot>
            <screenshot>resources/screenshot-04.jpg</screenshot>
            <screenshot>resources/screenshot-05.jpg</screenshot>
            <screenshot>resources/screenshot-06.jpg</screenshot>
            <screenshot>resources/screenshot-07.jpg</screenshot>
        </assets>
        <summary lang="da_DK">Goom++ Visualisering</summary>
        <summary lang="de_DE">Goom++ Visualisierung</summary>
        <summary lang="en_GB">Goom++ Visualization</summary>
        <description lang="da_DK">Goom++ visualisering: Tentakler, stjerner, fyrværkeri, bølger, rør og IFS fraktaler, alt sammen zoomende og hvirvlende med levende farver, der danser og reagerer på musikken.</description>
        <description lang="de_DE">Goom++-Visualisierung: Tentakel, Sterne, Feuerwerk, Wellen, Röhren und IFS-Fraktale, alle zoomen und wirbeln mit lebendigen Farben, die tanzen und auf die Musik reagieren.</description>
        <description lang="en_GB">Goom++ visualization: Tentacles, Stars, Fireworks, Waves, Tubes, and IFS fractals, all zooming and swirling with vivid colors that dance and react to the music.</description>
    </extension>
</addon>
