<?xml version='1.0' encoding='utf-8'?>
<addon id="plugin.audio.spotify" version="1.3.0" name="Spotify" provider-name="glk1001">
    <requires>
        <import addon="xbmc.python" version="3.0.0" />
        <import addon="xbmc.addon" version="18.9.701" />
        <import addon="script.module.requests" version="2.22.0" />
        <import addon="script.module.simplecache" version="2.0.0" />
        <import addon="script.module.six" version="1.14.0" />
    </requires>
    <extension point="xbmc.python.pluginsource" library="plugin.py">
        <provides>audio</provides>
    </extension>
    <extension library="service.py" point="xbmc.service" />
    <extension point="xbmc.addon.metadata">
        <platform>all</platform>
        <summary lang="en_GB">Unofficial Spotify music plugin for Kodi</summary>
        <description lang="en_GB">Allows you to use your Spotify premium account to connect and play Spotify through Kodi. After installing, use 'Configure' to enter your Spotify username and password.</description>
        <disclaimer lang="en_GB">This product uses the SPOTIFY WEB API but is not endorsed, certified or otherwise approved in any way by Spotify. Spotify is the registered trade mark of Spotify AB.</disclaimer>
        <source>https://github.com/glk1001/plugin.audio.spotify</source>
        <website>https://github.com/glk1001/glk1001.github.io</website>
        <news>
        - [new] v1.3.0 (2023-08-8)
        - [new] Cleaned main files and removed unused code. Updated to work with the latest versions of dependencies.
        - v1.2.4 (2022-07-17)
        - The Unofficial Spotify for Kodi add-on by Marcelveldt is now working for Kodi 19 and 20. Thanks to Ldsz, Elkropac, and FernetMenta for getting it to work with Python 3.9. Code cleanup and general add-on cleaning by Glk1001. Tested and working with Kodi 19 and 20 on Ubuntu 21.10.
        </news>
        <assets>
            <icon>resources/icon.png</icon>
            <fanart>resources/fanart.jpg</fanart>
        </assets>
    </extension>
</addon>
